absolute_energy_error,circuit_depth_upper_bound,energy,exact_energy,fidelity,gate_count,ground_gap,iterations,magnetization_error,method,optimizer_message,optimizer_success,python_peak_bytes,qubits,relative_energy_error,run,runtime_seconds,seed,transverse_magnetization_error
0.0,,-2.23606797749979,-2.23606797749979,1.0,,1.236067977499789,,0.0,exact,,,21417,2,0.0,results\runs\tfim-phase1\20261004T184629Z-aec0c4bc,0.0030155999993439764,,0.0
5.4152238249116635e-12,,-2.2360679774943746,-2.23606797749979,0.9999999999985556,,,194,5.893566548120788e-07,nqs,,,67605106,2,2.4217617171757795e-12,results\runs\tfim-phase1\20261004T184629Z-aec0c4bc,13.520702800014988,0,7.968436345207053e-07
1.1702949720415745e-10,,-2.2360679773827603,-2.23606797749979,0.9999999999735378,,,190,7.510403016164346e-08,nqs,,,22957,2,5.2337182224223524e-11,results\runs\tfim-phase1\20261004T184629Z-aec0c4bc,0.5351849000144284,1,4.508015741255811e-06
3.23799209667186e-10,,-2.2360679771759906,-2.23606797749979,0.9999999999269464,,,192,1.1398229223802403e-06,nqs,,,22874,2,1.44807408775307e-10,results\runs\tfim-phase1\20261004T184629Z-aec0c4bc,0.5495128000038676,2,7.5593823178898845e-06
3.060995901194019e-10,,-2.23606797719369,-2.23606797749979,0.9999999999303881,,,192,1.4097034668481001e-06,nqs,,,23319,2,1.3689189827836112e-10,results\runs\tfim-phase1\20261004T184629Z-aec0c4bc,0.5844441999797709,3,7.294179759864683e-06
4.8747228476031523e-11,,-2.2360679774510426,-2.23606797749979,0.9999999999889897,,,195,1.7908438648683855e-07,nqs,,,23629,2,2.180042331742399e-11,results\runs\tfim-phase1\20261004T184629Z-aec0c4bc,0.5380325999867637,4,2.9160813271866814e-06
0.0,6,-2.23606797749979,-2.23606797749979,1.0,9,,13,2.913946861582417e-11,vqe,Optimization terminated successfully.,True,73889195,2,0.0,results\runs\tfim-phase1\20261004T184629Z-aec0c4bc,18.755650500010233,0,5.597411423252652e-12
0.0,6,-2.23606797749979,-2.23606797749979,1.0,9,,10,1.0125239535696551e-10,vqe,Optimization terminated successfully.,True,259299,2,0.0,results\runs\tfim-phase1\20261004T184629Z-aec0c4bc,1.3069030999904498,1,5.3864468441133795e-11
0.0,6,-2.23606797749979,-2.23606797749979,1.0,9,,10,5.96937943520004e-10,vqe,Optimization terminated successfully.,True,260528,2,0.0,results\runs\tfim-phase1\20261004T184629Z-aec0c4bc,1.4599736999953166,2,5.60174129304869e-11
4.440892098500626e-16,6,-2.2360679774997902,-2.23606797749979,1.0,9,,13,4.814516008089242e-10,vqe,Optimization terminated successfully.,True,266269,2,1.9860273225978183e-16,results\runs\tfim-phase1\20261004T184629Z-aec0c4bc,1.889826600003289,3,1.4721590613220314e-10
0.0,6,-2.23606797749979,-2.23606797749979,1.0,9,,10,7.484346475905568e-12,vqe,Optimization terminated successfully.,True,264426,2,0.0,results\runs\tfim-phase1\20261004T184629Z-aec0c4bc,1.832726199994795,4,1.5464296510003805e-12
0.0,,-3.493959207434934,-3.493959207434934,0.9999999999999996,,0.8900837358252511,,0.0,exact,,,16701,3,0.0,results\runs\tfim-phase1\20261004T184629Z-aec0c4bc,0.005327999999281019,,0.0
7.902053726915881e-07,,-3.4939584172295612,-3.493959207434934,0.9999998768646579,,,300,0.00012712443819784536,nqs,,,18422,3,2.261633080918858e-07,results\runs\tfim-phase1\20261004T184629Z-aec0c4bc,0.743366699985927,0,6.442659130634354e-07
8.014484982332704e-07,,-3.4939584059864357,-3.493959207434934,0.9999998768010177,,,300,0.00011374181298490216,nqs,,,17123,3,2.2938118353752855e-07,results\runs\tfim-phase1\20261004T184629Z-aec0c4bc,0.820445599994855,1,1.1773177805984858e-06
2.511182830566838e-07,,-3.493958956316651,-3.493959207434934,0.9999999612431817,,,300,6.601633048541888e-05,nqs,,,16987,3,7.187212790645045e-08,results\runs\tfim-phase1\20261004T184629Z-aec0c4bc,0.7696621000068262,2,4.2605960082209293e-07
1.5747620984996047e-09,,-3.493959205860172,-3.493959207434934,0.9999999997599167,,,286,4.420799183391111e-06,nqs,,,16895,3,4.5070992676405785e-10,results\runs\tfim-phase1\20261004T184629Z-aec0c4bc,0.8543215000245254,3,9.067504214144151e-08
3.7319591816853404e-07,,-3.4939588342390158,-3.493959207434934,0.9999999423785811,,,300,8.085522643552778e-05,nqs,,,17274,3,1.0681175595135619e-07,results\runs\tfim-phase1\20261004T184629Z-aec0c4bc,0.9082048000127543,4,1.353153535887941e-07
0.0,9,-3.493959207434934,-3.493959207434934,0.9999999999999998,15,,16,9.771784437173636e-09,vqe,Desired error not necessarily achieved due to precision loss.,False,518904,3,0.0,results\runs\tfim-phase1\20261004T184629Z-aec0c4bc,8.753084700001637,0,3.358562983279967e-09
4.440892098500626e-16,9,-3.4939592074349335,-3.493959207434934,0.9999999999999996,15,,17,5.2062465449864703e-11,vqe,Optimization terminated successfully.,True,397161,3,1.2710200190805539e-16,results\runs\tfim-phase1\20261004T184629Z-aec0c4bc,3.7213541000091936,1,4.3661074755618756e-11
4.440892098500626e-16,9,-3.4939592074349344,-3.493959207434934,1.0,15,,15,2.2089552409454427e-12,vqe,Optimization terminated successfully.,True,621271,3,1.2710200190805539e-16,results\runs\tfim-phase1\20261004T184629Z-aec0c4bc,3.9577019999851473,2,3.470224108070852e-12
4.440892098500626e-16,9,-3.4939592074349344,-3.493959207434934,0.9999999999999996,15,,24,4.917816154303978e-10,vqe,Desired error not necessarily achieved due to precision loss.,False,585377,3,1.2710200190805539e-16,results\runs\tfim-phase1\20261004T184629Z-aec0c4bc,12.591219800000545,3,7.538799584594358e-10
4.440892098500626e-16,9,-3.4939592074349344,-3.493959207434934,0.9999999999999998,15,,17,1.1071032979259599e-11,vqe,Optimization terminated successfully.,True,415114,3,1.2710200190805539e-16,results\runs\tfim-phase1\20261004T184629Z-aec0c4bc,3.7446668000193313,4,7.654876732487992e-12
0.0,,-4.758770483143635,-4.758770483143635,1.0,,0.6945927106677168,,0.0,exact,,,27038,4,0.0,results\runs\tfim-phase1\20261004T184629Z-aec0c4bc,0.008597399981226772,,0.0
1.3874616004549978e-05,,-4.75875660852763,-4.758770483143635,0.9999982233223104,,,300,0.000101507368609699,nqs,,,16943,4,2.9155883969811533e-06,results\runs\tfim-phase1\20261004T184629Z-aec0c4bc,0.7088704999769107,0,3.532038504816537e-05
2.64794591142703e-06,,-4.758767835197723,-4.758770483143635,0.9999997059549662,,,300,6.13496010659631e-07,nqs,,,16803,4,5.564348860291749e-07,results\runs\tfim-phase1\20261004T184629Z-aec0c4bc,0.7568359000142664,1,1.8351720466491805e-05
5.059968107623547e-06,,-4.758765423175527,-4.758770483143635,0.9999994054353798,,,300,1.0061992427035094e-06,nqs,,,16737,4,1.0632931606066747e-06,results\runs\tfim-phase1\20261004T184629Z-aec0c4bc,0.8328347000060603,2,1.2312981164663839e-05
5.039422594776966e-07,,-4.758769979201375,-4.758770483143635,0.9999999329262399,,,300,5.7060489918270285e-05,nqs,,,16831,4,1.058975761202909e-07,results\runs\tfim-phase1\20261004T184629Z-aec0c4bc,0.7616473000089172,3,7.582612841172676e-06
3.2162400955826342e-06,,-4.758767266903539,-4.758770483143635,0.9999996231495543,,,300,1.5256350899051085e-05,nqs,,,16350,4,6.758552670222482e-07,results\runs\tfim-phase1\20261004T184629Z-aec0c4bc,0.6570939999946859,4,8.612699641252775e-06
8.881784197001252e-16,12,-4.7587704831436355,-4.758770483143635,1.0,21,,55,1.5418541998712954e-09,vqe,Desired error not necessarily achieved due to precision loss.,False,843316,4,1.8664031451951772e-16,results\runs\tfim-phase1\20261004T184629Z-aec0c4bc,25.860943199979374,0,3.7104119776643074e-10
8.881784197001252e-16,12,-4.758770483143634,-4.758770483143635,1.0,21,,37,1.1457212956145213e-10,vqe,Optimization terminated successfully.,True,787087,4,1.8664031451951772e-16,results\runs\tfim-phase1\20261004T184629Z-aec0c4bc,19.42852230000426,1,7.903822041299691e-11
8.881784197001252e-16,12,-4.758770483143634,-4.758770483143635,1.0,21,,31,7.081104813622119e-09,vqe,Desired error not necessarily achieved due to precision loss.,False,710381,4,1.8664031451951772e-16,results\runs\tfim-phase1\20261004T184629Z-aec0c4bc,19.179763699998148,2,5.263858238180319e-10
8.881784197001252e-16,12,-4.758770483143634,-4.758770483143635,1.0,21,,41,8.526962469446175e-11,vqe,Optimization terminated successfully.,True,547346,4,1.8664031451951772e-16,results\runs\tfim-phase1\20261004T184629Z-aec0c4bc,11.522841099998914,3,2.709610313900157e-12
2.6645352591003757e-15,12,-4.758770483143632,-4.758770483143635,1.0,21,,50,5.2081577939233625e-09,vqe,Desired error not necessarily achieved due to precision loss.,False,753891,4,5.599209435585532e-16,results\runs\tfim-phase1\20261004T184629Z-aec0c4bc,24.09440580001683,4,1.2359336887257655e-09
0.0,,-6.026674183332271,-6.026674183332271,1.0,,0.5692593530931394,,0.0,exact,,,76406,5,0.0,results\runs\tfim-phase1\20261004T184629Z-aec0c4bc,0.014092099998379126,,0.0
8.653388959078967e-05,,-6.02658764944268,-6.026674183332271,0.9999915055226862,,,300,0.00021343527195605283,nqs,,,16579,5,1.4358481470611593e-05,results\runs\tfim-phase1\20261004T184629Z-aec0c4bc,0.8795771000150125,0,1.057995392339528e-05
5.852179292453741e-05,,-6.0266156615393465,-6.026674183332271,0.9999945215476733,,,300,7.797774608694907e-05,nqs,,,16538,5,9.710462378468835e-06,results\runs\tfim-phase1\20261004T184629Z-aec0c4bc,0.824490800005151,1,3.0831140348519526e-05
0.00012712400488279485,,-6.026547059327388,-6.026674183332271,0.9999884599300842,,,300,3.459140830880392e-05,nqs,,,16162,5,2.109355857238418e-05,results\runs\tfim-phase1\20261004T184629Z-aec0c4bc,0.8140649999841116,2,3.192757775738464e-05
6.492131745350349e-05,,-6.0266092620148175,-6.026674183332271,0.9999933548486707,,,300,0.00012397722327936456,nqs,,,16482,5,1.077232906219715e-05,results\runs\tfim-phase1\20261004T184629Z-aec0c4bc,0.7803628999972716,3,3.369318381474251e-05
0.00011844558905149682,,-6.0265557377432195,-6.026674183332271,0.9999890116977439,,,300,0.0003487033302283782,nqs,,,16329,5,1.965355774152799e-05,results\runs\tfim-phase1\20261004T184629Z-aec0c4bc,0.7970006999967154,4,2.4254090871811407e-05
0.001366348448165411,15,-6.025307834884106,-6.026674183332271,0.9997617600790203,27,,150,4.3113230656255386e-05,vqe,Maximum number of iterations has been exceeded.,False,943463,5,0.00022671682699294837,results\runs\tfim-phase1\20261004T184629Z-aec0c4bc,54.37170139999944,0,0.0005202889727271565
0.0007162635609523349,15,-6.025957919771319,-6.026674183332271,0.9999021529439901,27,,150,1.0945514036519999e-05,vqe,Maximum number of iterations has been exceeded.,False,945177,5,0.00011884889396099694,results\runs\tfim-phase1\20261004T184629Z-aec0c4bc,54.57759440000518,1,0.00023893702168842346
0.0007155389168760351,15,-6.025958644415395,-6.026674183332271,0.9999024032171212,27,,150,1.6250950585217083e-10,vqe,Maximum number of iterations has been exceeded.,False,942260,5,0.00011872865449653345,results\runs\tfim-phase1\20261004T184629Z-aec0c4bc,58.6101191000198,2,0.00022999252416777693
0.0007179189039385747,15,-6.025956264428332,-6.026674183332271,0.9999018142979247,27,,150,1.4051066851927807e-05,vqe,Maximum number of iterations has been exceeded.,False,948032,5,0.00011912356336171183,results\runs\tfim-phase1\20261004T184629Z-aec0c4bc,61.93101899998146,3,0.0002400282592849301
0.0007226028794535821,15,-6.025951580452817,-6.026674183332271,0.9999009066239817,27,,150,5.202516799335255e-05,vqe,Maximum number of iterations has been exceeded.,False,938849,5,0.00011990077071895735,results\runs\tfim-phase1\20261004T184629Z-aec0c4bc,60.30577589999302,4,0.0002233371839683862
0.0,,-7.296229810558756,-7.296229810558756,1.0,,0.48214672102128375,,0.0,exact,,,281368,6,0.0,results\runs\tfim-phase1\20261004T184629Z-aec0c4bc,0.14015709998784587,,0.0
0.0001149177295900472,,-7.296114892829166,-7.296229810558756,0.9999877374760726,,,300,0.0002687662105618771,nqs,,,34506,6,1.5750289200559957e-05,results\runs\tfim-phase1\20261004T184629Z-aec0c4bc,0.878717300016433,0,9.703857550213968e-05
0.00016186866958367574,,-7.296067941889173,-7.296229810558756,0.9999834731168097,,,300,0.00024456745243817135,nqs,,,34506,6,2.2185248242787954e-05,results\runs\tfim-phase1\20261004T184629Z-aec0c4bc,0.8200764000066556,1,1.863568302618024e-05
0.00015154524097305,,-7.296078265317783,-7.296229810558756,0.9999848406166508,,,300,2.626414367762342e-05,nqs,,,34506,6,2.0770349195106346e-05,results\runs\tfim-phase1\20261004T184629Z-aec0c4bc,0.9035381999856327,2,2.3766700295801968e-05
0.00016219458146338184,,-7.296067615977293,-7.296229810558756,0.9999839281027807,,,300,5.35734027192758e-05,nqs,,,34506,6,2.2229916775464168e-05,results\runs\tfim-phase1\20261004T184629Z-aec0c4bc,0.9329742999980226,3,4.077911931754663e-05
9.912038988701966e-05,,-7.296130690168869,-7.296229810558756,0.9999890880080765,,,300,0.00013611485865067108,nqs,,,34506,6,1.3585151846996012e-05,results\runs\tfim-phase1\20261004T184629Z-aec0c4bc,0.9418574000010267,4,8.106629518978004e-05
0.0026811345089354788,18,-7.293548676049821,-7.296229810558756,0.9995378827099313,33,,131,2.9557674086078123e-09,vqe,Desired error not necessarily achieved due to precision loss.,False,1173171,6,0.00036746848421022435,results\runs\tfim-phase1\20261004T184629Z-aec0c4bc,74.43749240000034,0,0.0010170439906103113
0.004398953050788634,18,-7.291830857507968,-7.296229810558756,0.9990573897953136,33,,150,0.0014361019764136396,vqe,Maximum number of iterations has been exceeded.,False,1186593,6,0.0006029076886288146,results\runs\tfim-phase1\20261004T184629Z-aec0c4bc,69.70312259998173,1,0.0035493879414297824
0.4949035307604106,18,-6.801326279798346,-7.296229810558756,6.885265121964095e-12,33,,150,6.354318686785376e-06,vqe,Maximum number of iterations has been exceeded.,False,1155340,6,0.06783003600629599,results\runs\tfim-phase1\20261004T184629Z-aec0c4bc,73.67857230000664,2,0.25705303027412696
0.0026811345089399197,18,-7.2935486760498165,-7.296229810558756,0.9995378828460083,33,,134,2.1554407786394947e-08,vqe,Desired error not necessarily achieved due to precision loss.,False,1181713,6,0.000367468484210833,results\runs\tfim-phase1\20261004T184629Z-aec0c4bc,85.17183579999255,3,0.0010170415264569854
0.0026811345118407104,18,-7.293548676046916,-7.296229810558756,0.9995378757200947,33,,150,2.2264061882992792e-07,vqe,Maximum number of iterations has been exceeded.,False,1126469,6,0.000367468484608407,results\runs\tfim-phase1\20261004T184629Z-aec0c4bc,73.28679350001039,4,0.001017107257099692
0.0,,-8.566772233505626,-8.566772233505626,1.0,,0.41811385307060434,,0.0,exact,,,920104,7,0.0,results\runs\tfim-phase1\20261004T184629Z-aec0c4bc,0.04905689999577589,,0.0
0.00019242915994333032,,-8.566579804345682,-8.566772233505626,0.9999791349471985,,,300,0.00035861285710817037,nqs,,,132810,7,2.2462271051250536e-05,results\runs\tfim-phase1\20261004T184629Z-aec0c4bc,0.9838108999829274,0,3.569118227675361e-05
0.00018559958770225649,,-8.566586633917924,-8.566772233505626,0.999980985741499,,,300,0.00012383382432845647,nqs,,,132810,7,2.166505454368861e-05,results\runs\tfim-phase1\20261004T184629Z-aec0c4bc,0.9360129999986384,1,5.391710036473096e-05
0.00016213016048105544,,-8.566610103345145,-8.566772233505626,0.9999836794072656,,,300,4.384387606307105e-05,nqs,,,132810,7,1.8925466448955635e-05,results\runs\tfim-phase1\20261004T184629Z-aec0c4bc,0.9714711999986321,2,4.627797273404344e-05
0.00024898550166518874,,-8.56652324800396,-8.566772233505626,0.9999735620617406,,,300,1.7039093231363545e-05,nqs,,,132810,7,2.906409729108683e-05,results\runs\tfim-phase1\20261004T184629Z-aec0c4bc,0.9872553999884985,3,0.00010688793667623653
0.00013619350919569229,,-8.56663603999643,-8.566772233505626,0.9999858082090741,,,300,0.00025267055175440256,nqs,,,132810,7,1.5897879094184844e-05,results\runs\tfim-phase1\20261004T184629Z-aec0c4bc,0.9580871000071056,4,6.020908296111571e-05
0.44380643267437314,21,-8.122965800831253,-8.566772233505626,1.6388900317464912e-17,39,,67,7.183365458018898e-09,vqe,Desired error not necessarily achieved due to precision loss.,False,1491816,7,0.05180555996791831,results\runs\tfim-phase1\20261004T184629Z-aec0c4bc,37.74007410000195,0,0.2204667487863573
0.4438064326743767,21,-8.122965800831249,-8.566772233505626,3.243703277268352e-17,39,,70,1.0519647375417662e-08,vqe,Desired error not necessarily achieved due to precision loss.,False,1495709,7,0.05180555996791872,results\runs\tfim-phase1\20261004T184629Z-aec0c4bc,46.90851210002438,1,0.22046674857207127
0.006803191660496921,21,-8.559969041845129,-8.566772233505626,0.9980942214390354,39,,150,2.041723681284191e-05,vqe,Maximum number of iterations has been exceeded.,False,1517270,7,0.0007941371003058609,results\runs\tfim-phase1\20261004T184629Z-aec0c4bc,84.85546079999767,2,0.002864197678673741
0.4438064326743767,21,-8.122965800831249,-8.566772233505626,2.1993928946186227e-18,39,,73,2.745537075465876e-09,vqe,Desired error not necessarily achieved due to precision loss.,False,1486336,7,0.05180555996791872,results\runs\tfim-phase1\20261004T184629Z-aec0c4bc,43.57259779999731,3,0.22046674838141556
0.4438064326743767,21,-8.122965800831249,-8.566772233505626,3.6317187733931727e-17,39,,80,1.0889069756991887e-08,vqe,Desired error not necessarily achieved due to precision loss.,False,1527144,7,0.05180555996791872,results\runs\tfim-phase1\20261004T184629Z-aec0c4bc,70.89145490000374,4,0.22046674865136873
0.0,,-9.837951447459423,-9.837951447459423,1.0,,0.3690734378532099,,0.0,exact,,,3671864,8,0.0,results\runs\tfim-phase1\20261004T184629Z-aec0c4bc,0.287945900025079,,0.0
0.00036592423688297515,,-9.83758552322254,-9.837951447459423,0.9999617353395397,,,300,9.134361506735189e-05,nqs,,,526026,8,3.719516596897542e-05,results\runs\tfim-phase1\20261004T184629Z-aec0c4bc,1.1131101000064518,0,4.8039052034765106e-05
0.00023687917230041933,,-9.837714568287122,-9.837951447459423,0.999974949922753,,,300,0.00013906518400794154,nqs,,,526026,8,2.4078099344715877e-05,results\runs\tfim-phase1\20261004T184629Z-aec0c4bc,1.1099345000111498,1,0.00012571897725144332
0.00024977641694867714,,-9.837701671042474,-9.837951447459423,0.9999735794783564,,,300,2.7032428914164353e-05,nqs,,,526026,8,2.5389067864649813e-05,results\runs\tfim-phase1\20261004T184629Z-aec0c4bc,1.109037200018065,2,9.101877755601784e-05
0.000306798491953586,,-9.83764464896747,-9.837951447459423,0.9999668555377954,,,300,0.0003775774575435209,nqs,,,526026,8,3.118520086138608e-05,results\runs\tfim-phase1\20261004T184629Z-aec0c4bc,1.0898926999943797,3,7.447816681582786e-05
0.00036435864418571384,,-9.837587088815237,-9.837951447459423,0.9999626488649741,,,300,0.00011944651071035817,nqs,,,526026,8,3.703602788970937e-05,results\runs\tfim-phase1\20261004T184629Z-aec0c4bc,1.164167200011434,4,3.05662132988882e-05
0.011820831795938957,24,-9.826130615663484,-9.837951447459423,0.9961560610233248,45,,123,1.1652241393989016e-09,vqe,Desired error not necessarily achieved due to precision loss.,False,2562828,8,0.0012015541913445403,results\runs\tfim-phase1\20261004T184629Z-aec0c4bc,107.3930365999986,0,0.005024882679928733
0.4048433153892024,24,-9.43310813207022,-9.837951447459423,3.4584775751843055e-17,45,,78,1.0890590540491019e-08,vqe,Desired error not necessarily achieved due to precision loss.,False,2553842,8,0.04115118046183793,results\runs\tfim-phase1\20261004T184629Z-aec0c4bc,67.72353219997603,1,0.19443028299202259
0.4012468625286356,24,-9.436704584930787,-9.837951447459423,1.075968611751859e-10,45,,150,1.8539652925364525e-05,vqe,Maximum number of iterations has been exceeded.,False,2567407,8,0.04078561117845877,results\runs\tfim-phase1\20261004T184629Z-aec0c4bc,107.81945680000354,2,0.19529015740271594
0.011820831795938957,24,-9.826130615663484,-9.837951447459423,0.9961560613054712,45,,120,3.3688005718346403e-09,vqe,Desired error not necessarily achieved due to precision loss.,False,2562749,8,0.0012015541913445403,results\runs\tfim-phase1\20261004T184629Z-aec0c4bc,107.6503305999795,3,0.00502488170312021
0.4048433153892095,24,-9.433108132070213,-9.837951447459423,3.638957679921194e-21,45,,107,6.798078766578897e-11,vqe,Desired error not necessarily achieved due to precision loss.,False,2565570,8,0.04115118046183865,results\runs\tfim-phase1\20261004T184629Z-aec0c4bc,124.89171920000808,4,0.19443028339517587
0.0,,-2.23606797749979,-2.23606797749979,1.0,,1.236067977499789,,0.0,exact,,,21504,2,0.0,results\runs\tfim-smoke\20261004T184358Z-52efda59,0.004177100025117397,,0.0
2.792841158338888e-08,,-2.236067949571378,-2.23606797749979,0.9999999937421842,,,150,2.763362938362768e-06,nqs,,,67610148,2,1.2489965360810014e-08,results\runs\tfim-smoke\20261004T184358Z-52efda59,13.790560599998571,0,7.052727190726138e-05
2.6768801397736297e-08,,-2.2360679507309884,-2.23606797749979,0.999999993890214,,,150,1.4077643916199367e-05,nqs,,,20210,2,1.1971371920305949e-08,results\runs\tfim-smoke\20261004T184358Z-52efda59,0.4413007999828551,1,6.793984774555728e-05
0.0,6,-2.23606797749979,-2.23606797749979,1.0,9,,13,2.913946861582417e-11,vqe,Optimization terminated successfully.,True,73939100,2,0.0,results\runs\tfim-smoke\20261004T184358Z-52efda59,18.631017000006977,0,5.597411423252652e-12
0.0,6,-2.23606797749979,-2.23606797749979,1.0,9,,10,1.0125239535696551e-10,vqe,Optimization terminated successfully.,True,258616,2,0.0,results\runs\tfim-smoke\20261004T184358Z-52efda59,1.4445225999807008,1,5.3864468441133795e-11
0.0,,-3.493959207434934,-3.493959207434934,0.9999999999999996,,0.8900837358252511,,0.0,exact,,,16701,3,0.0,results\runs\tfim-smoke\20261004T184358Z-52efda59,0.005121599999256432,,0.0
1.3363638102781294e-06,,-3.4939578710711237,-3.493959207434934,0.9999997666338615,,,150,0.0002572154357365908,nqs,,,13471,3,3.824783665002236e-07,results\runs\tfim-smoke\20261004T184358Z-52efda59,0.40159749999293126,0,9.211409497766887e-05
4.950337170850361e-06,,-3.493954257097763,-3.493959207434934,0.9999992862452233,,,150,7.613285791546742e-05,nqs,,,13498,3,1.4168274089509525e-06,results\runs\tfim-smoke\20261004T184358Z-52efda59,0.38002149999374524,1,3.096686145676042e-05
0.0,9,-3.493959207434934,-3.493959207434934,0.9999999999999998,15,,16,9.771784437173636e-09,vqe,Desired error not necessarily achieved due to precision loss.,False,549850,3,0.0,results\runs\tfim-smoke\20261004T184358Z-52efda59,8.550707699992927,0,3.358562983279967e-09
4.440892098500626e-16,9,-3.4939592074349335,-3.493959207434934,0.9999999999999996,15,,17,5.2062465449864703e-11,vqe,Optimization terminated successfully.,True,419539,3,1.2710200190805539e-16,results\runs\tfim-smoke\20261004T184358Z-52efda59,3.572912700008601,1,4.3661074755618756e-11
