approximation_ratio,discovery_advantage,equal_shot_variance_multiplier,evaluations,exact_cut,exact_ground_energy,expected_cut,gate_count,ideal,improvement,iterations,kind,method,mitigated,mitigated_error,mitigation_runtime_seconds,objective,penalty,preparation,prepared_energy_error,probability,raw,raw_error,raw_runtime_seconds,run,runtime_seconds,sampling_overhead,seed,shots,verdict
,NOT TESTED: no pre-registered multi-seed advantage criterion,,,,,,,,,,,,,,,fidelity - penalty*(gate count + scheduled depth),0.001,,,,,,,results\labs\circuit-discovery\20261004T185520Z-74c916f4,0.40368089999537915,,0,,
,NOT TESTED: no pre-registered multi-seed advantage criterion,,,,,,,,,,,,,,,fidelity - penalty*(gate count + scheduled depth),0.001,,,,,,,results\labs\circuit-discovery\20261004T185520Z-74c916f4,0.3334564999968279,,1,,
,NOT TESTED: no pre-registered multi-seed advantage criterion,,,,,,,,,,,,,,,fidelity - penalty*(gate count + scheduled depth),0.001,,,,,,,results\labs\circuit-discovery\20261004T185520Z-74c916f4,0.33339689997956157,,2,,
,NOT TESTED: no pre-registered multi-seed advantage criterion,,,,,,,,,,,,,,,fidelity - penalty*(gate count + scheduled depth),0.001,,,,,,,results\labs\circuit-discovery\20261004T185520Z-74c916f4,0.34485310001764446,,3,,
,NOT TESTED: no pre-registered multi-seed advantage criterion,,,,,,,,,,,,,,,fidelity - penalty*(gate count + scheduled depth),0.001,,,,,,,results\labs\circuit-discovery\20261004T185520Z-74c916f4,0.2889847999904305,,4,,
,,19.000000000000014,3,,,,,-2.23606797749979,0.035697583000796396,,depolarizing,"polynomial noise-strength Richardson extrapolation; post-state channels, no gate folding",-2.2360679774997894,4.440892098500626e-16,0.006788300001062453,,,,,0.01,-2.200370394498993,0.03569758300079684,0.0025640999956522137,results\labs\noise-sweep\20261004T185444Z-7ab0f7ff,,NOT EXECUTED: analytic expectations,,,SUPPORTED
,,19.000000000000014,3,,,,,-2.23606797749979,0.1066157211671892,,depolarizing,"polynomial noise-strength Richardson extrapolation; post-state channels, no gate folding",-2.2360679774997907,8.881784197001252e-16,0.00522560000536032,,,,,0.03,-2.1294522563325997,0.10661572116719009,0.002322999993339181,results\labs\noise-sweep\20261004T185444Z-7ab0f7ff,,NOT EXECUTED: analytic expectations,,,SUPPORTED
,,19.000000000000014,3,,,,,-2.23606797749979,0.17689782221998263,,depolarizing,"polynomial noise-strength Richardson extrapolation; post-state channels, no gate folding",-2.236067977499789,8.881784197001252e-16,0.11793730000499636,,,,,0.05,-2.0591701552798063,0.1768978222199835,0.001987399999052286,results\labs\noise-sweep\20261004T185444Z-7ab0f7ff,,NOT EXECUTED: analytic expectations,,,SUPPORTED
,,19.000000000000014,3,,,,,-2.23606797749979,0.3498204124799664,,depolarizing,"polynomial noise-strength Richardson extrapolation; post-state channels, no gate folding",-2.2360679774997902,4.440892098500626e-16,0.005353200016543269,,,,,0.1,-1.886247565019823,0.34982041247996687,0.0019777999841608107,results\labs\noise-sweep\20261004T185444Z-7ab0f7ff,,NOT EXECUTED: analytic expectations,,,SUPPORTED
,,19.000000000000014,3,,,,,-2.23606797749979,0.6837398971199355,,depolarizing,"polynomial noise-strength Richardson extrapolation; post-state channels, no gate folding",-2.23606797749979,0.0,0.005869400018127635,,,,,0.2,-1.5523280803798543,0.6837398971199355,0.0019150000007357448,results\labs\noise-sweep\20261004T185444Z-7ab0f7ff,,NOT EXECUTED: analytic expectations,,,SUPPORTED
0.9999999999997022,,,,2,,1.9999999999994045,15,,,6,,,,,,,,,,,,,,results\labs\qaoa-maxcut\20261004T185506Z-7ea42980,5.616197600000305,,0,,
0.9999999999999251,,,,2,,1.9999999999998501,15,,,7,,,,,,,,,,,,,,results\labs\qaoa-maxcut\20261004T185506Z-7ea42980,0.29131410000263713,,1,,
0.9999999999999688,,,,2,,1.9999999999999376,15,,,8,,,,,,,,,,,,,,results\labs\qaoa-maxcut\20261004T185506Z-7ea42980,0.325390799989691,,2,,
0.9999999999999996,,,,2,,1.9999999999999991,15,,,6,,,,,,,,,,,,,,results\labs\qaoa-maxcut\20261004T185506Z-7ea42980,0.23699669999768957,,3,,
0.9999999999991667,,,,2,,1.9999999999983333,15,,,6,,,,,,,,,,,,,,results\labs\qaoa-maxcut\20261004T185506Z-7ea42980,0.26109320000978187,,4,,
,,19.000000000000014,3,,-2.23606797749979,,,-2.23606797749979,0.017709658381355187,,bit_flip,"polynomial noise-strength Richardson extrapolation; post-state channels, no gate folding",-2.23606797749979,0.0,0.0592356999986805,,,vqe,0.0,0.01,-2.2183583191184346,0.017709658381355187,0.15969580001547,results\labs\vqe-noise\20261004T190254Z-7250e1d5,,NOT EXECUTED: analytic expectations,0,,SUPPORTED
,,19.000000000000014,3,,-2.23606797749979,,,-2.23606797749979,0.08497058314286265,,bit_flip,"polynomial noise-strength Richardson extrapolation; post-state channels, no gate folding",-2.2360679774997867,3.1086244689504383e-15,0.0017030999879352748,,,vqe,0.0,0.05,-2.151097394356924,0.08497058314286576,0.001378899993142113,results\labs\vqe-noise\20261004T190254Z-7250e1d5,,NOT EXECUTED: analytic expectations,0,,SUPPORTED
,,19.000000000000014,3,,-2.23606797749979,,,-2.23606797749979,0.16099689437595455,,bit_flip,"polynomial noise-strength Richardson extrapolation; post-state channels, no gate folding",-2.23606797749979,0.0,0.001750499999616295,,,vqe,0.0,0.1,-2.0750710831238353,0.16099689437595455,0.0004847999953199178,results\labs\vqe-noise\20261004T190254Z-7250e1d5,,NOT EXECUTED: analytic expectations,0,,SUPPORTED
,,19.000000000000014,3,,-2.23606797749979,,,-2.23606797749979,0.017709658377532467,,bit_flip,"polynomial noise-strength Richardson extrapolation; post-state channels, no gate folding",-2.23606797749979,0.0,0.002230799989774823,,,vqe,0.0,0.01,-2.2183583191222573,0.017709658377532467,0.0007434000144712627,results\labs\vqe-noise\20261004T190254Z-7250e1d5,,NOT EXECUTED: analytic expectations,1,,SUPPORTED
,,19.000000000000014,3,,-2.23606797749979,,,-2.23606797749979,0.0849705831245231,,bit_flip,"polynomial noise-strength Richardson extrapolation; post-state channels, no gate folding",-2.236067977499789,8.881784197001252e-16,0.0018392999772913754,,,vqe,0.0,0.05,-2.151097394375266,0.08497058312452399,0.0006526999932248145,results\labs\vqe-noise\20261004T190254Z-7250e1d5,,NOT EXECUTED: analytic expectations,1,,SUPPORTED
,,19.000000000000014,3,,-2.23606797749979,,,-2.23606797749979,0.1609968943412019,,bit_flip,"polynomial noise-strength Richardson extrapolation; post-state channels, no gate folding",-2.236067977499789,8.881784197001252e-16,0.001874400011729449,,,vqe,0.0,0.1,-2.075071083158587,0.1609968943412028,0.0006628999835811555,results\labs\vqe-noise\20261004T190254Z-7250e1d5,,NOT EXECUTED: analytic expectations,1,,SUPPORTED
,,19.000000000000014,3,,-2.23606797749979,,,-2.23606797749979,0.017709658386233507,,bit_flip,"polynomial noise-strength Richardson extrapolation; post-state channels, no gate folding",-2.236067977499788,1.7763568394002505e-15,0.0020724000059999526,,,vqe,0.0,0.01,-2.2183583191135545,0.017709658386235283,0.0007653999782633036,results\labs\vqe-noise\20261004T190254Z-7250e1d5,,NOT EXECUTED: analytic expectations,2,,SUPPORTED
,,19.000000000000014,3,,-2.23606797749979,,,-2.23606797749979,0.0849705831662777,,bit_flip,"polynomial noise-strength Richardson extrapolation; post-state channels, no gate folding",-2.2360679774997885,1.3322676295501878e-15,0.0018631999846547842,,,vqe,0.0,0.05,-2.1510973943335108,0.08497058316627903,0.0006275000050663948,results\labs\vqe-noise\20261004T190254Z-7250e1d5,,NOT EXECUTED: analytic expectations,2,,SUPPORTED
,,19.000000000000014,3,,-2.23606797749979,,,-2.23606797749979,0.16099689442031728,,bit_flip,"polynomial noise-strength Richardson extrapolation; post-state channels, no gate folding",-2.23606797749979,0.0,0.001930099999299273,,,vqe,0.0,0.1,-2.0750710830794725,0.16099689442031728,0.0006067999929655343,results\labs\vqe-noise\20261004T190254Z-7250e1d5,,NOT EXECUTED: analytic expectations,2,,SUPPORTED
,,19.000000000000014,3,,-2.23606797749979,,,-2.2360679774997902,0.017709658370137937,,bit_flip,"polynomial noise-strength Richardson extrapolation; post-state channels, no gate folding",-2.236067977499791,8.881784197001252e-16,0.0018631999846547842,,,vqe,4.440892098500626e-16,0.01,-2.2183583191296514,0.017709658370138825,0.001035499997669831,results\labs\vqe-noise\20261004T190254Z-7250e1d5,,NOT EXECUTED: analytic expectations,3,,SUPPORTED
,,19.000000000000014,3,,-2.23606797749979,,,-2.2360679774997902,0.0849705830890497,,bit_flip,"polynomial noise-strength Richardson extrapolation; post-state channels, no gate folding",-2.23606797749979,4.440892098500626e-16,0.0021315999911166728,,,vqe,4.440892098500626e-16,0.05,-2.15109739441074,0.08497058308905014,0.0006609999982174486,results\labs\vqe-noise\20261004T190254Z-7250e1d5,,NOT EXECUTED: analytic expectations,3,,SUPPORTED
,,19.000000000000014,3,,-2.23606797749979,,,-2.2360679774997902,0.160996894273989,,bit_flip,"polynomial noise-strength Richardson extrapolation; post-state channels, no gate folding",-2.2360679774997907,4.440892098500626e-16,0.0022268999891821295,,,vqe,4.440892098500626e-16,0.1,-2.075071083225801,0.16099689427398944,0.0006744999845977873,results\labs\vqe-noise\20261004T190254Z-7250e1d5,,NOT EXECUTED: analytic expectations,3,,SUPPORTED
,,19.000000000000014,3,,-2.23606797749979,,,-2.23606797749979,0.01770965838191918,,bit_flip,"polynomial noise-strength Richardson extrapolation; post-state channels, no gate folding",-2.2360679774997876,2.220446049250313e-15,0.001801800011890009,,,vqe,0.0,0.01,-2.2183583191178684,0.0177096583819214,0.0006800999981351197,results\labs\vqe-noise\20261004T190254Z-7250e1d5,,NOT EXECUTED: analytic expectations,4,,SUPPORTED
,,19.000000000000014,3,,-2.23606797749979,,,-2.23606797749979,0.0849705831455787,,bit_flip,"polynomial noise-strength Richardson extrapolation; post-state channels, no gate folding",-2.2360679774997885,1.3322676295501878e-15,0.0018531999958213419,,,vqe,0.0,0.05,-2.1510973943542098,0.08497058314558004,0.0005922999989707023,results\labs\vqe-noise\20261004T190254Z-7250e1d5,,NOT EXECUTED: analytic expectations,4,,SUPPORTED
,,19.000000000000014,3,,-2.23606797749979,,,-2.23606797749979,0.160996894381098,,bit_flip,"polynomial noise-strength Richardson extrapolation; post-state channels, no gate folding",-2.2360679774997894,4.440892098500626e-16,0.0016770000220276415,,,vqe,0.0,0.1,-2.0750710831186914,0.16099689438109843,0.0006605999951716512,results\labs\vqe-noise\20261004T190254Z-7250e1d5,,NOT EXECUTED: analytic expectations,4,,SUPPORTED
,,19.000000000000014,3,,,,,-2.23606797749979,0.035697583000796396,,depolarizing,"polynomial noise-strength Richardson extrapolation; post-state channels, no gate folding",-2.2360679774997894,4.440892098500626e-16,0.00276169998687692,,,,,0.01,-2.200370394498993,0.03569758300079684,0.00120310002239421,results\labs\zne-sweep\20261004T185457Z-f4a482d8,,NOT EXECUTED: analytic expectations,,,SUPPORTED
,,19.000000000000014,3,,,,,-2.23606797749979,0.1066157211671892,,depolarizing,"polynomial noise-strength Richardson extrapolation; post-state channels, no gate folding",-2.2360679774997907,8.881784197001252e-16,0.004996300005586818,,,,,0.03,-2.1294522563325997,0.10661572116719009,0.002187000005505979,results\labs\zne-sweep\20261004T185457Z-f4a482d8,,NOT EXECUTED: analytic expectations,,,SUPPORTED
,,19.000000000000014,3,,,,,-2.23606797749979,0.17689782221998263,,depolarizing,"polynomial noise-strength Richardson extrapolation; post-state channels, no gate folding",-2.236067977499789,8.881784197001252e-16,0.008035400009248406,,,,,0.05,-2.0591701552798063,0.1768978222199835,0.0016898000030778348,results\labs\zne-sweep\20261004T185457Z-f4a482d8,,NOT EXECUTED: analytic expectations,,,SUPPORTED
,,19.000000000000014,3,,,,,-2.23606797749979,0.3498204124799664,,depolarizing,"polynomial noise-strength Richardson extrapolation; post-state channels, no gate folding",-2.2360679774997902,4.440892098500626e-16,0.005177900020498782,,,,,0.1,-1.886247565019823,0.34982041247996687,0.0016120000218506902,results\labs\zne-sweep\20261004T185457Z-f4a482d8,,NOT EXECUTED: analytic expectations,,,SUPPORTED
,,19.000000000000014,3,,,,,-2.23606797749979,0.6837398971199355,,depolarizing,"polynomial noise-strength Richardson extrapolation; post-state channels, no gate folding",-2.23606797749979,0.0,0.005428899981779978,,,,,0.2,-1.5523280803798543,0.6837398971199355,0.0019369999936316162,results\labs\zne-sweep\20261004T185457Z-f4a482d8,,NOT EXECUTED: analytic expectations,,,SUPPORTED
