absolute_energy_error,circuit_depth_upper_bound,energy,exact_energy,fidelity,gate_count,ground_gap,iterations,magnetization_error,method,optimizer_message,optimizer_success,python_peak_bytes,qubits,relative_energy_error,runtime_seconds,seed,transverse_magnetization_error
0.0,,-2.23606797749979,-2.23606797749979,1.0,,1.236067977499789,,0.0,exact,,,21504,2,0.0,0.004177100025117397,,0.0
2.792841158338888e-08,,-2.236067949571378,-2.23606797749979,0.9999999937421842,,,150,2.763362938362768e-06,nqs,,,67610148,2,1.2489965360810014e-08,13.790560599998571,0,7.052727190726138e-05
2.6768801397736297e-08,,-2.2360679507309884,-2.23606797749979,0.999999993890214,,,150,1.4077643916199367e-05,nqs,,,20210,2,1.1971371920305949e-08,0.4413007999828551,1,6.793984774555728e-05
0.0,6,-2.23606797749979,-2.23606797749979,1.0,9,,13,2.913946861582417e-11,vqe,Optimization terminated successfully.,True,73939100,2,0.0,18.631017000006977,0,5.597411423252652e-12
0.0,6,-2.23606797749979,-2.23606797749979,1.0,9,,10,1.0125239535696551e-10,vqe,Optimization terminated successfully.,True,258616,2,0.0,1.4445225999807008,1,5.3864468441133795e-11
0.0,,-3.493959207434934,-3.493959207434934,0.9999999999999996,,0.8900837358252511,,0.0,exact,,,16701,3,0.0,0.005121599999256432,,0.0
1.3363638102781294e-06,,-3.4939578710711237,-3.493959207434934,0.9999997666338615,,,150,0.0002572154357365908,nqs,,,13471,3,3.824783665002236e-07,0.40159749999293126,0,9.211409497766887e-05
4.950337170850361e-06,,-3.493954257097763,-3.493959207434934,0.9999992862452233,,,150,7.613285791546742e-05,nqs,,,13498,3,1.4168274089509525e-06,0.38002149999374524,1,3.096686145676042e-05
0.0,9,-3.493959207434934,-3.493959207434934,0.9999999999999998,15,,16,9.771784437173636e-09,vqe,Desired error not necessarily achieved due to precision loss.,False,549850,3,0.0,8.550707699992927,0,3.358562983279967e-09
4.440892098500626e-16,9,-3.4939592074349335,-3.493959207434934,0.9999999999999996,15,,17,5.2062465449864703e-11,vqe,Optimization terminated successfully.,True,419539,3,1.2710200190805539e-16,3.572912700008601,1,4.3661074755618756e-11
