absolute_energy_error,active_space,allocation,ansatz,approximation_ratio,backend,basis,budget,budget_semantics,circuit_depth_upper_bound,comparison_shots,depth,device,distance,distance_bohr,early_stopped,electrons,energy,energy_objective,equal_budget_raw,equal_budget_raw_error,exact_cut,exact_energy,expected_cut,extrapolation,family,fidelity,final_gradient_norm,function_evaluations,gate_count,gate_execution_multiplier,hamiltonian_bytes,hartree_fock_energy,helped,hidden,ideal,improvement,initialization,iterations,job_id,kind,magnetization_error,mapping,memory_scope,method,method_seconds,mitigated,mitigated_error,mitigated_variance,model,noise_model,objective,optimizer,optimizer_message,optimizer_success,parameter_count,precision,probability,python_peak_bytes,qubits,raw,raw_error,raw_variance,reference,reference_seconds,relative_energy_error,restarts,runtime_seconds,seed,shots,spin_orbitals,state_bytes,state_space_size,steps,success,target,total_iterations,total_shots,transverse_magnetization_error,units,variant,wall_seconds
7.524796737712336e-06,,,,,,,,,,,,cpu,,,False,,-2.236060452703052,,,,,-2.23606797749979,,,,0.9999976260033289,,,,,,,,16,,,,80,591e86e08b5e5939,nqs,0.0003583579861750462,,tracemalloc Python allocations; explicit dense buffer sizes for scaling,,,,,,tfim,,,Adam,,,132,float64/complex128,,78438835,2,,,,,,3.3651914044786877e-06,,,0,,,,,80,,,,,0.00022264641643054972,,,8.705896499974187
0.0040478246992652345,,,,,,,,,,,,cpu,,,False,,-2.995952175300735,,,,,-3.0000000000000004,,,,0.998988043825184,,,,,,,,16,,,,80,b525eb936c769da9,nqs,0.00035049710812903466,,tracemalloc Python allocations; explicit dense buffer sizes for scaling,,,,,,heisenberg,,,Adam,,,132,float64/complex128,,635305,2,,,,,,0.0013492748997550779,,,0,,,,,80,,,,,0.00047955210488441117,,,0.31071849999716505
5.543363194249196e-06,,,,,,,,,,,,cpu,,,False,,-2.3052202422929104,,,,,-2.3052257856561047,,,,0.9999978608239635,,,,,,,,16,,,,80,721f2609998d50b7,nqs,0.000297069657659646,,tracemalloc Python allocations; explicit dense buffer sizes for scaling,,,,,,complex,,,Adam,,,132,float64/complex128,,370146,2,,,,,,2.4046942510976053e-06,,,0,,,,,80,,,,,0.0006257452890888748,,,0.3663570999633521
0.0,,,ry,,,,,,6,,3,,,,,,-2.23606797749979,,,,,-2.23606797749979,,,,1.0,4.744291428515718e-10,15,9,,,,,,,,normal,13,27823a7166c272c4,vqe,2.913946861582417e-11,,tracemalloc Python allocations; explicit dense buffer sizes for scaling,,,,,,,,,BFGS,Optimization terminated successfully.,True,6,,,78509805,2,,,,,,0.0,1,,0,,,,,,True,,13,,5.597411423252652e-12,,locked,13.092111599980853
0.0,,,tfim,,,,,,8,,4,,,,,,-2.23606797749979,,,,,-2.23606797749979,,,,1.0,3.27866777058437e-08,59,14,,,,,,,,normal,8,6add344212d13206,vqe,3.885780586188048e-15,,tracemalloc Python allocations; explicit dense buffer sizes for scaling,,,,,,,,,BFGS,Desired error not necessarily achieved due to precision loss.,False,12,,,591365,2,,,,,,0.0,1,,0,,,,,,True,,8,,3.4462416254044115e-09,,problem,6.714843499998096
,,equal,,,pennylane.default.mixed + independent Pauli binomial measurement,,,,,900,,,,,,,,,-1.7266666666666668,0.14952961538518283,,,,linear,,,,,,9,,,True,,-1.8761962820518496,0.1250000000000009,,,d79ebb4aec03ebb3,mitigation,,,tracemalloc Python allocations; explicit dense buffer sizes for scaling,,,-1.805000000000001,0.07119628205184858,0.029967143658810345,,circuit-level local Markov channels; ideal basis measurement + readout flips,,,,,,,0.02,172308,2,-1.6800000000000002,0.19619628205184947,0.01953131313131313,,,,,0.25575289997505024,0,100,,,,,,,,900,,,,0.26361000002361834
,,equal,,,pennylane.default.mixed + independent Pauli binomial measurement,,,,,900,,,,,,,,,-1.7266666666666668,0.14952961538518283,,,,richardson,,,,,,9,,,True,,-1.8761962820518496,0.17250000000000143,,,0c6573ef35c28099,mitigation,,,tracemalloc Python allocations; explicit dense buffer sizes for scaling,,,-1.8525000000000016,0.02369628205184804,0.10925309343434393,,circuit-level local Markov channels; ideal basis measurement + readout flips,,,,,,,0.02,101282,2,-1.6800000000000002,0.19619628205184947,0.01953131313131313,,,,,0.2874462000327185,0,100,,,,,,,,900,,,,0.2879782000090927
,,,,0.8247595264191607,,,,COBYLA max function evaluations; BFGS/Nelder-Mead max iterations,4,,1,,,,,,,,,,2,,1.6495190528383215,,path,,,21,8,,,,,,,,,5,777865d458962dbd,qaoa,,,tracemalloc Python allocations; explicit dense buffer sizes for scaling,,,,,,,,,BFGS,Optimization terminated successfully.,True,2,,,70675,3,,,,,,,,,0,1000,,,,,,,,,,,,0.20870919997105375
,,,,0.9999999999992346,,,,COBYLA max function evaluations; BFGS/Nelder-Mead max iterations,5,,1,,,,,,,,,,2,,1.9999999999984692,,cycle,,,21,9,,,,,,,,,4,b38539e4e8291fa6,qaoa,,,tracemalloc Python allocations; explicit dense buffer sizes for scaling,,,,,,,,,BFGS,Optimization terminated successfully.,True,2,,,66722,3,,,,,,,,,0,1000,,,,,,,,,,,,0.22880300000542775
,,,,0.8247595264191607,,,,COBYLA max function evaluations; BFGS/Nelder-Mead max iterations,4,,1,,,,,,,,,,2,,1.6495190528383215,,random,,,21,8,,,,,,,,,5,726da456c8dddd59,qaoa,,,tracemalloc Python allocations; explicit dense buffer sizes for scaling,,,,,,,,,BFGS,Optimization terminated successfully.,True,2,,,68914,3,,,,,,,,,0,1000,,,,,,,,,,,,0.27622979995794594
,,,,0.999999999999182,,,,COBYLA max function evaluations; BFGS/Nelder-Mead max iterations,5,,1,,,,,,,,,,2,,1.999999999998364,,dense,,,21,9,,,,,,,,,4,a541ffde91cf560b,qaoa,,,tracemalloc Python allocations; explicit dense buffer sizes for scaling,,,,,,,,,BFGS,Optimization terminated successfully.,True,2,,,66197,3,,,,,,,,,0,1000,,,,,,,,,,,,0.24912679998669773
,,,,,,,40,,,,,,,,,,,"negative target projector, not a local many-body Hamiltonian",,,,,,,,,,,,,,,,,,,,,e6ef5b58d9f85356,discovery,,,tracemalloc Python allocations; explicit dense buffer sizes for scaling,,,,,,,,fidelity,,,,,,,162550,2,,,,,,,,,0,,,,,,,bell,,,,,,0.5017401000368409
,,,,,,,40,,,,,,,,,,,"negative target projector, not a local many-body Hamiltonian",,,,,,,,,,,,,,,,,,,,,85819864672c6f70,discovery,,,tracemalloc Python allocations; explicit dense buffer sizes for scaling,,,,,,,,fidelity,,,,,,,126744,3,,,,,,,,,0,,,,,,,ghz,,,,,,0.4688568999990821
,,,,,,,40,,,,,,,,,,,"negative target projector, not a local many-body Hamiltonian",,,,,,,,,,,,,,,,,,,,,14fa4661e0780deb,discovery,,,tracemalloc Python allocations; explicit dense buffer sizes for scaling,,,,,,,,fidelity,,,,,,,131081,3,,,,,,,,,0,,,,,,,cluster,,,,,,0.6261424000258557
2.220446049250313e-16,all two spatial orbitals; two-electron sector,,HF |1100> + particle-conserving DoubleExcitation,,,STO-3G,,,,,,,1.4,1.4,,2,-1.1372759438392812,,,,,-1.137275943839281,,,,1.0,,,,,,-1.1167143252241285,,,,,,4,8726b4597bf05eb1,chemistry,,Jordan-Wigner,tracemalloc Python allocations; explicit dense buffer sizes for scaling,,,,,,,,,,,True,,,,885097,4,,,,PennyLane differentiable HF integrals + NumPy sector diagonalization,,,,,0,,4,,,,,,,,,Hartree,,2.009096599998884
0.0,,,,,,,,,,,,cpu,,,,,-2.23606797749979,,,,,-2.23606797749979,,,,1.0,,,,,256,,,,,,,1,5702821551888aae,scaling,0.0,,tracemalloc Python allocations; explicit dense buffer sizes for scaling,exact,0.004405200015753508,,,,,,,,,,0,,,6331,2,,,,,0.0018424000008963048,0.0,,,0,,,64,4,30,,,,,0.0,,,0.006321900000330061
0.0023326241231060862,,,,,,,,,,,,cpu,,,,,-2.2337353533766837,,,,,-2.23606797749979,,,,0.9990461482823045,,,,,256,,,,,,,30,0ed4571e1374df91,scaling,0.030184403538279662,,tracemalloc Python allocations; explicit dense buffer sizes for scaling,autoregressive,0.2182551000150852,,,,,,,,,,132,,,85420,2,,,,,0.0020667000208050013,0.0010431812210442092,,,0,,,64,4,30,,,,,0.000141232747895903,,,0.2205806999700144
0.0,,,,,,,,,,,,cpu,,,,,-2.23606797749979,,,,,-2.23606797749979,,,,1.0,,,,,256,,,,,,,13,9746938de21addfd,scaling,2.913946861582417e-11,,tracemalloc Python allocations; explicit dense buffer sizes for scaling,vqe,2.472318499989342,,,,,,,,,,6,,,384863,2,,,,,0.001943000010214746,0.0,,,0,,,64,4,30,,,,,5.597411423252652e-12,,,2.4757572999806143
0.0,,,,,,,,,,,,cpu,,,,,-4.758770483143635,,,,,-4.758770483143635,,,,1.0,,,,,4096,,,,,,,1,3d9ba6aaebf29bf1,scaling,0.0,,tracemalloc Python allocations; explicit dense buffer sizes for scaling,exact,0.009694800013676286,,,,,,,,,,0,,,41631,4,,,,,0.00447579997126013,0.0,,,0,,,256,16,30,,,,,0.0,,,0.014286300051026046
0.0146333990113785,,,,,,,,,,,,cpu,,,,,-4.744137084132256,,,,,-4.758770483143635,,,,0.9894898959408752,,,,,4096,,,,,,,30,6cfae42c4d93a8f9,scaling,0.138162592713778,,tracemalloc Python allocations; explicit dense buffer sizes for scaling,autoregressive,0.26904510002350435,,,,,,,,,,312,,,176941,4,,,,,0.00489370001014322,0.003075037777764753,,,0,,,256,16,30,,,,,0.006560332973357008,,,0.2743804999627173
0.0004730845807001671,,,,,,,,,,,,cpu,,,,,-4.758297398562934,,,,,-4.758770483143635,,,,0.9999126492721166,,,,,4096,,,,,,,30,9b2f34ecdfdbd86f,scaling,0.001774935105253006,,tracemalloc Python allocations; explicit dense buffer sizes for scaling,vqe,9.3460052999435,,,,,,,,,,12,,,680554,4,,,,,0.005703900009393692,9.941319556719793e-05,,,0,,,256,16,30,,,,,0.0011055996066473561,,,9.353362599969842
