equal_shot_variance_multiplier,evaluations,exact_ground_energy,ideal,improvement,kind,method,mitigated,mitigated_error,mitigation_runtime_seconds,preparation,prepared_energy_error,probability,raw,raw_error,raw_runtime_seconds,sampling_overhead,seed,shots,verdict
19.000000000000014,3,-2.23606797749979,-2.23606797749979,0.017709658381355187,bit_flip,"polynomial noise-strength Richardson extrapolation; post-state channels, no gate folding",-2.23606797749979,0.0,0.0592356999986805,vqe,0.0,0.01,-2.2183583191184346,0.017709658381355187,0.15969580001547,NOT EXECUTED: analytic expectations,0,,SUPPORTED
19.000000000000014,3,-2.23606797749979,-2.23606797749979,0.08497058314286265,bit_flip,"polynomial noise-strength Richardson extrapolation; post-state channels, no gate folding",-2.2360679774997867,3.1086244689504383e-15,0.0017030999879352748,vqe,0.0,0.05,-2.151097394356924,0.08497058314286576,0.001378899993142113,NOT EXECUTED: analytic expectations,0,,SUPPORTED
19.000000000000014,3,-2.23606797749979,-2.23606797749979,0.16099689437595455,bit_flip,"polynomial noise-strength Richardson extrapolation; post-state channels, no gate folding",-2.23606797749979,0.0,0.001750499999616295,vqe,0.0,0.1,-2.0750710831238353,0.16099689437595455,0.0004847999953199178,NOT EXECUTED: analytic expectations,0,,SUPPORTED
19.000000000000014,3,-2.23606797749979,-2.23606797749979,0.017709658377532467,bit_flip,"polynomial noise-strength Richardson extrapolation; post-state channels, no gate folding",-2.23606797749979,0.0,0.002230799989774823,vqe,0.0,0.01,-2.2183583191222573,0.017709658377532467,0.0007434000144712627,NOT EXECUTED: analytic expectations,1,,SUPPORTED
19.000000000000014,3,-2.23606797749979,-2.23606797749979,0.0849705831245231,bit_flip,"polynomial noise-strength Richardson extrapolation; post-state channels, no gate folding",-2.236067977499789,8.881784197001252e-16,0.0018392999772913754,vqe,0.0,0.05,-2.151097394375266,0.08497058312452399,0.0006526999932248145,NOT EXECUTED: analytic expectations,1,,SUPPORTED
19.000000000000014,3,-2.23606797749979,-2.23606797749979,0.1609968943412019,bit_flip,"polynomial noise-strength Richardson extrapolation; post-state channels, no gate folding",-2.236067977499789,8.881784197001252e-16,0.001874400011729449,vqe,0.0,0.1,-2.075071083158587,0.1609968943412028,0.0006628999835811555,NOT EXECUTED: analytic expectations,1,,SUPPORTED
19.000000000000014,3,-2.23606797749979,-2.23606797749979,0.017709658386233507,bit_flip,"polynomial noise-strength Richardson extrapolation; post-state channels, no gate folding",-2.236067977499788,1.7763568394002505e-15,0.0020724000059999526,vqe,0.0,0.01,-2.2183583191135545,0.017709658386235283,0.0007653999782633036,NOT EXECUTED: analytic expectations,2,,SUPPORTED
19.000000000000014,3,-2.23606797749979,-2.23606797749979,0.0849705831662777,bit_flip,"polynomial noise-strength Richardson extrapolation; post-state channels, no gate folding",-2.2360679774997885,1.3322676295501878e-15,0.0018631999846547842,vqe,0.0,0.05,-2.1510973943335108,0.08497058316627903,0.0006275000050663948,NOT EXECUTED: analytic expectations,2,,SUPPORTED
19.000000000000014,3,-2.23606797749979,-2.23606797749979,0.16099689442031728,bit_flip,"polynomial noise-strength Richardson extrapolation; post-state channels, no gate folding",-2.23606797749979,0.0,0.001930099999299273,vqe,0.0,0.1,-2.0750710830794725,0.16099689442031728,0.0006067999929655343,NOT EXECUTED: analytic expectations,2,,SUPPORTED
19.000000000000014,3,-2.23606797749979,-2.2360679774997902,0.017709658370137937,bit_flip,"polynomial noise-strength Richardson extrapolation; post-state channels, no gate folding",-2.236067977499791,8.881784197001252e-16,0.0018631999846547842,vqe,4.440892098500626e-16,0.01,-2.2183583191296514,0.017709658370138825,0.001035499997669831,NOT EXECUTED: analytic expectations,3,,SUPPORTED
19.000000000000014,3,-2.23606797749979,-2.2360679774997902,0.0849705830890497,bit_flip,"polynomial noise-strength Richardson extrapolation; post-state channels, no gate folding",-2.23606797749979,4.440892098500626e-16,0.0021315999911166728,vqe,4.440892098500626e-16,0.05,-2.15109739441074,0.08497058308905014,0.0006609999982174486,NOT EXECUTED: analytic expectations,3,,SUPPORTED
19.000000000000014,3,-2.23606797749979,-2.2360679774997902,0.160996894273989,bit_flip,"polynomial noise-strength Richardson extrapolation; post-state channels, no gate folding",-2.2360679774997907,4.440892098500626e-16,0.0022268999891821295,vqe,4.440892098500626e-16,0.1,-2.075071083225801,0.16099689427398944,0.0006744999845977873,NOT EXECUTED: analytic expectations,3,,SUPPORTED
19.000000000000014,3,-2.23606797749979,-2.23606797749979,0.01770965838191918,bit_flip,"polynomial noise-strength Richardson extrapolation; post-state channels, no gate folding",-2.2360679774997876,2.220446049250313e-15,0.001801800011890009,vqe,0.0,0.01,-2.2183583191178684,0.0177096583819214,0.0006800999981351197,NOT EXECUTED: analytic expectations,4,,SUPPORTED
19.000000000000014,3,-2.23606797749979,-2.23606797749979,0.0849705831455787,bit_flip,"polynomial noise-strength Richardson extrapolation; post-state channels, no gate folding",-2.2360679774997885,1.3322676295501878e-15,0.0018531999958213419,vqe,0.0,0.05,-2.1510973943542098,0.08497058314558004,0.0005922999989707023,NOT EXECUTED: analytic expectations,4,,SUPPORTED
19.000000000000014,3,-2.23606797749979,-2.23606797749979,0.160996894381098,bit_flip,"polynomial noise-strength Richardson extrapolation; post-state channels, no gate folding",-2.2360679774997894,4.440892098500626e-16,0.0016770000220276415,vqe,0.0,0.1,-2.0750710831186914,0.16099689438109843,0.0006605999951716512,NOT EXECUTED: analytic expectations,4,,SUPPORTED
